{
    "AS_Button_e4ace55746334f04a36662daba4b1f20": {
        "id": "AS_Button_e4ace55746334f04a36662daba4b1f20",
        "type": "ACTION_SEQUENCE",
        "params": [{
            "datatype": "collection",
            "name": "eventobject"
        }],
        "contextObj": {
            "name": "frmOutput",
            "type": "forms",
            "platform": "",
            "KUID": "c4c17a415b0643a48766b9599585f678"
        },
        "language": "js",
        "actions": [{
            "id": "NAVIGATE_TO_FORM___cda03cb7df334d599a416d4848d18926",
            "type": "NAVIGATE_TO_FORM",
            "formId": "frmInput",
            "formKUID": "j90cffc446634ad6872390194bbe81bd",
            "mappings": {},
            "mappingsOrder": [],
            "parentId": "",
            "callbackType": null,
            "enableMappingEditor": true,
            "package": ""
        }]
    }
}