{
    "AS_Button_fc36f3db686c462c97637f6de566c6e3": {
        "id": "AS_Button_fc36f3db686c462c97637f6de566c6e3",
        "type": "ACTION_SEQUENCE",
        "params": [{
            "datatype": "collection",
            "name": "eventobject"
        }],
        "contextObj": {
            "name": "frmControllerActions",
            "type": "forms",
            "platform": "",
            "KUID": "bd1251f5030f41a68fbe004073b6b0ac"
        },
        "language": "js",
        "actions": [{
            "id": "ADD_SNIPPET__db238ef7397d4baa880cfb606efe6f8b",
            "type": "ADD_SNIPPET",
            "codeSnippet": "self.view.txtCounter.text = Number(this.view.txtCounter.text) + 1;\n",
            "parentId": null,
            "callbackType": null
        }]
    }
}