{
    "AS_Button_a268453dab8247dfb49c27a0c9431718": {
        "id": "AS_Button_a268453dab8247dfb49c27a0c9431718",
        "type": "ACTION_SEQUENCE",
        "params": [{
            "datatype": "collection",
            "name": "eventobject"
        }],
        "contextObj": {
            "name": "frmInput",
            "type": "forms",
            "platform": "",
            "KUID": "j90cffc446634ad6872390194bbe81bd"
        },
        "language": "js",
        "actions": [{
            "id": "INVOKE_FUNCTION___bc28613c99714db7a642b7d915138891",
            "type": "INVOKE_FUNCTION",
            "sequenceKUID": "viewOutput",
            "display": "viewOutput",
            "inputparams": [],
            "parentId": null,
            "callbackType": null,
            "disabled": null,
            "source": "controller"
        }]
    }
}