{
    "AS_Button_j7ce78d375ce451ca0fb36ad112cf39e": {
        "id": "AS_Button_j7ce78d375ce451ca0fb36ad112cf39e",
        "type": "ACTION_SEQUENCE",
        "params": [{
            "datatype": "collection",
            "name": "eventobject"
        }],
        "contextObj": {
            "name": "frmController",
            "type": "forms",
            "platform": "",
            "KUID": "ab8ee214829e4d8b83f6093de5fb9822"
        },
        "language": "js",
        "actions": [{
            "id": "INVOKE_FUNCTION___b0dd7df6455343af82b44ec66da6e3cb",
            "type": "INVOKE_FUNCTION",
            "sequenceKUID": "countUp",
            "display": "countUp",
            "inputparams": [],
            "parentId": null,
            "callbackType": null,
            "disabled": null,
            "source": "controller"
        }]
    }
}