{
    "AS_Form_ca34b28e35e648e2bb99c955efabd2e9": {
        "id": "AS_Form_ca34b28e35e648e2bb99c955efabd2e9",
        "type": "ACTION_SEQUENCE",
        "params": [{
            "datatype": "collection",
            "name": "eventobject"
        }],
        "contextObj": {
            "name": "frmInput",
            "type": "forms",
            "platform": "",
            "KUID": "j90cffc446634ad6872390194bbe81bd"
        },
        "language": "js",
        "actions": [{
            "id": "INVOKE_FUNCTION___b47386ad027d4be89940e8567e07a71f",
            "type": "INVOKE_FUNCTION",
            "sequenceKUID": "initData",
            "display": "initData",
            "inputparams": [],
            "parentId": null,
            "callbackType": null,
            "disabled": null,
            "source": "controller"
        }]
    }
}