{
    "@class": "com.kony.gen.viz.model.component.KVizButton",
    "DNDConfig": null,
    "__parentReadjusting__": false,
    "_height_": {
        "type": "string",
        "value": "7%"
    },
    "_margin_": [
        6,
        6,
        6,
        6
    ],
    "_padding_": [
        0,
        0,
        0,
        0
    ],
    "_skin_": "sdf31e51f6494390bc5bb979aeea36b6",
    "_text_": "Output",
    "_top_": {
        "type": "string",
        "value": "0dp"
    },
    "_width_": {
        "type": "string",
        "value": "300dp"
    },
    "canUpdateUI": true,
    "centerx": {
        "type": "string",
        "value": "50%"
    },
    "containerweight": 100,
    "contentalignment": 5,
    "displaytext": true,
    "focusskin": "s19161dd8965480d9f72ba1fb5f5ebfa",
    "id": "btnOutput",
    "info": null,
    "iscustomlayout": false,
    "isvisible": true,
    "kuid": "e332ba74bce74d45b3fad3f743236155",
    "name": "kony.ui.Button",
    "onclick": "AS_Button_a268453dab8247dfb49c27a0c9431718",
    "parent": "flxInput",
    "pf": "frmInput",
    "retaincontentalignment": false,
    "retainflexpositionproperties": false,
    "wType": "Button",
    "zindex": 1
}