{
    "@class": "com.kony.gen.viz.model.component.KVizButton",
    "DNDConfig": null,
    "__parentReadjusting__": false,
    "_height_": {
        "type": "string",
        "value": "50dp"
    },
    "_margin_": [
        6,
        6,
        6,
        6
    ],
    "_padding_": [
        0,
        0,
        0,
        0
    ],
    "_skin_": "sdf31e51f6494390bc5bb979aeea36b6",
    "_text_": "Count up",
    "_width_": {
        "type": "string",
        "value": "300dp"
    },
    "canUpdateUI": true,
    "centerx": {
        "type": "string",
        "value": "50%"
    },
    "centery": {
        "type": "string",
        "value": "50%"
    },
    "containerweight": 100,
    "contentalignment": 5,
    "displaytext": true,
    "focusskin": "s19161dd8965480d9f72ba1fb5f5ebfa",
    "id": "btnCountUp",
    "info": null,
    "iscustomlayout": false,
    "isvisible": true,
    "kuid": "e1e7cebed826428f9e18cb91d8262357",
    "name": "kony.ui.Button",
    "onclick": "AS_Button_fc36f3db686c462c97637f6de566c6e3",
    "parent": "frmControllerActions",
    "pf": "frmControllerActions",
    "retaincontentalignment": false,
    "retainflexpositionproperties": false,
    "wType": "Button",
    "zindex": 1
}