{
    "@class": "com.kony.gen.viz.model.component.KVizButton",
    "DNDConfig": null,
    "__parentReadjusting__": false,
    "_height_": {
        "type": "string",
        "value": "50dp"
    },
    "_margin_": [
        6,
        6,
        6,
        6
    ],
    "_padding_": [
        0,
        0,
        0,
        0
    ],
    "_skin_": "sdf31e51f6494390bc5bb979aeea36b6",
    "_text_": "Count up",
    "_width_": {
        "type": "string",
        "value": "300dp"
    },
    "canUpdateUI": true,
    "centerx": {
        "type": "string",
        "value": "50%"
    },
    "centery": {
        "type": "string",
        "value": "50%"
    },
    "containerweight": 100,
    "contentalignment": 5,
    "displaytext": true,
    "focusskin": "s19161dd8965480d9f72ba1fb5f5ebfa",
    "id": "btnCountUp",
    "info": null,
    "iscustomlayout": false,
    "isvisible": true,
    "kuid": "i951a41cdfb14ab0a86a606abad2f5f2",
    "name": "kony.ui.Button",
    "onclick": "AS_Button_j7ce78d375ce451ca0fb36ad112cf39e",
    "parent": "frmController",
    "pf": "frmController",
    "retaincontentalignment": false,
    "retainflexpositionproperties": false,
    "wType": "Button",
    "zindex": 1
}