{
    "@class": "com.kony.gen.viz.model.component.KVizTextBox2",
    "DNDConfig": null,
    "__parentReadjusting__": false,
    "_height_": {
        "type": "string",
        "value": "40dp"
    },
    "_margin_": [
        0,
        0,
        0,
        0
    ],
    "_padding_": [
        3,
        0,
        0,
        0
    ],
    "_placeholder_": "Placeholder",
    "_skin_": "sb7badadf86849e58325f8cedf2dc90a",
    "_text_": "0",
    "_width_": {
        "type": "string",
        "value": "300dp"
    },
    "autocapitalize": "none",
    "autocomplete": false,
    "autocorrect": false,
    "autofilter": false,
    "canUpdateUI": true,
    "centerx": {
        "type": "string",
        "value": "50%"
    },
    "centery": {
        "type": "string",
        "value": "40%"
    },
    "containerheight": "",
    "containerheightmode": 1,
    "containerweight": 100,
    "contentalignment": 4,
    "focusskin": "s81b6db66756435ab036bb9e88f79831",
    "id": "txtCounter",
    "info": null,
    "iscustomlayout": false,
    "isvisible": true,
    "keyboardstyle": "digitpad",
    "keyboardtype": "A",
    "kuid": "d3d5686e1eb14a8f89c5c9898da13fe6",
    "maxtextlength": "",
    "mode": "N",
    "name": "kony.ui.TextBox2",
    "parent": "frmController",
    "pf": "frmController",
    "placeholderskin": "s422bd116fd143e6a52c5eb0dfe10e47",
    "retaincontentalignment": false,
    "retainflexpositionproperties": false,
    "securetextentry": false,
    "textinputmode": "N",
    "tooltip": "",
    "viewtype": "default",
    "wType": "TextField",
    "zindex": 1
}