{
    "@class": "com.kony.gen.viz.model.component.KVizButton",
    "DNDConfig": null,
    "__parentReadjusting__": false,
    "_height_": {
        "type": "string",
        "value": "50dp"
    },
    "_left_": {
        "type": "string",
        "value": "5%"
    },
    "_margin_": [
        6,
        6,
        6,
        6
    ],
    "_padding_": [
        0,
        0,
        0,
        0
    ],
    "_skin_": "sdf31e51f6494390bc5bb979aeea36b6",
    "_text_": "+",
    "_width_": {
        "type": "string",
        "value": "15%"
    },
    "canUpdateUI": true,
    "centery": {
        "type": "string",
        "value": "50%"
    },
    "containerId": true,
    "containerweight": 100,
    "contentalignment": 5,
    "displaytext": true,
    "focusskin": "s19161dd8965480d9f72ba1fb5f5ebfa",
    "id": "btnCountUp",
    "info": null,
    "iscustomlayout": false,
    "isvisible": true,
    "kuid": "f2944f887fda4398b2957104e70a7f72",
    "name": "kony.ui.Button",
    "parent": "flxSection",
    "pf": "segSection",
    "retaincontentalignment": false,
    "retainflexpositionproperties": false,
    "wType": "Button",
    "zindex": 1
}