{
    "DNDConfig": null,
    "_height_": {
        "type": "string",
        "value": "75dp"
    },
    "_left_": {
        "type": "string",
        "value": "0dp"
    },
    "_margin_": [
        0,
        0,
        0,
        0
    ],
    "_orientation_": 6,
    "_padding_": [
        0,
        0,
        0,
        0
    ],
    "_percent_": true,
    "_skin_": "s36145a14c7848c08c7a6201ee097702",
    "_top_": {
        "type": "string",
        "value": "0dp"
    },
    "_width_": {
        "type": "string",
        "value": "100%"
    },
    "allboxes": [],
    "autogrowmode": 0,
    "canUpdateUI": true,
    "children": [
        "lblName",
        "txtCounter",
        "btnCountDown",
        "btnCountUp"
    ],
    "clipbounds": true,
    "containerId": true,
    "containerweight": 100,
    "controllerInfo": {
        "default": {
            "channel": "mobile",
            "name": "flxSectionController"
        }
    },
    "enablescrolling": true,
    "id": "flxSection",
    "info": null,
    "isTemplate": true,
    "iscustomlayout": false,
    "isvisible": true,
    "kuid": "f1b1e42257214d4ca67e125918adf268",
    "layouttype": 3,
    "name": "kony.ui.FlexContainer",
    "parent": "segSection",
    "pf": "segSection",
    "retaincontentalignment": false,
    "retainflexpositionproperties": false,
    "snapgridsize": 10,
    "snaptogrid": true,
    "wType": "FlexContainer",
    "widgetalignment": 1
}