{
    "@class": "com.kony.gen.viz.model.component.KVizButton",
    "DNDConfig": null,
    "__parentReadjusting__": false,
    "_height_": {
        "type": "string",
        "value": "7%"
    },
    "_margin_": [
        6,
        6,
        6,
        6
    ],
    "_padding_": [
        0,
        0,
        0,
        0
    ],
    "_skin_": "sdf31e51f6494390bc5bb979aeea36b6",
    "_text_": "Back",
    "_top_": {
        "type": "string",
        "value": "0dp"
    },
    "_width_": {
        "type": "string",
        "value": "300dp"
    },
    "canUpdateUI": true,
    "centerx": {
        "type": "string",
        "value": "50%"
    },
    "containerweight": 100,
    "contentalignment": 5,
    "displaytext": true,
    "focusskin": "s19161dd8965480d9f72ba1fb5f5ebfa",
    "id": "btnBack",
    "info": null,
    "iscustomlayout": false,
    "isvisible": true,
    "kuid": "a31d446abf5940ff9bd9f002aee7c0b9",
    "name": "kony.ui.Button",
    "onclick": "AS_Button_e4ace55746334f04a36662daba4b1f20",
    "parent": "flxOutput",
    "pf": "frmOutput",
    "retaincontentalignment": false,
    "retainflexpositionproperties": false,
    "wType": "Button",
    "zindex": 1
}